,L_max,L_max_unc,alpha_avg,alpha_unc,duringseason,t0_mean
0,32.99646712180213,4.493511021423016,-1,1.192373310112597,1,2458220.0
