,L_max,L_max_unc,alpha_avg,alpha_unc,duringseason,t0_mean
0,24.879913964002462,3.7356563654712747,-1,0.11471222838422171,1,2458320.0
