,L_max,L_max_unc,alpha_avg,alpha_unc,duringseason,t0_mean
0,35.98763754261966,6.657106558756845,-1,0.22355322254131776,1,2458220.0
