,L_max,L_max_unc,alpha_avg,alpha_unc,duringseason,t0_mean
0,5.7272743890462365,1.5640813076698576,-1,0.09330257108435865,1,2458215.5
