,L_max,L_max_unc,alpha_avg,alpha_unc,duringseason,t0_mean
0,181.77578192964478,17.707160102476845,-1,0.37799887707541185,1,2458220.0
