,L_max,L_max_unc,alpha_avg,alpha_unc,duringseason,t0_mean
0,110.24938918643659,3.5316417139404153,-1,0.12889647352447545,1,2458215.5
