,L_max,L_max_unc,alpha_avg,alpha_unc,duringseason,t0_mean
0,588.4686289927746,46.81630973769284,-0.01177357561488656,0.16040926254769358,1,2458210.0
