,L_max,L_max_unc,alpha_avg,alpha_unc,duringseason,t0_mean
0,233.0696501415801,31.163106478986563,-1,0.38868677514756395,1,2458220.0
