,L_max,L_max_unc,alpha_avg,alpha_unc,duringseason,t0_mean
0,285.062692127942,29.446846789077693,-1,0.38441374873191864,1,2458220.0
