,L_max,L_max_unc,alpha_avg,alpha_unc,duringseason,t0_mean
0,286.87662458735383,40.79177298038163,-1,0.11055649217412976,1,2458220.0
